{"cameraMode":{"drawMode":0,"name":"Shaded","section":"Shading Mode"},"sceneLighting":false,"audioPlay":false,"sceneViewState":{"showFog":true,"showMaterialUpdate":false,"showSkybox":true,"showFlares":true,"showImageEffects":true,"showParticleSystems":true},"in2DMode":false,"pivot":{"x":0.3975670337677002,"y":39.02944564819336,"z":-76.70188903808594},"rotation":{"x":0.1501951962709427,"y":0.5552149415016174,"z":-0.1027538999915123,"w":0.8115553855895996},"size":2.1122262477874758,"orthographic":false}