{"cameraMode":{"drawMode":0,"name":"Shaded","section":"Shading Mode"},"sceneLighting":false,"audioPlay":false,"sceneViewState":{"showFog":true,"showMaterialUpdate":false,"showSkybox":true,"showFlares":true,"showImageEffects":true,"showParticleSystems":true},"in2DMode":false,"pivot":{"x":0.9376529455184937,"y":38.792442321777347,"z":-76.26322937011719},"rotation":{"x":0.13981236517429353,"y":0.49208709597587588,"z":-0.08042269200086594,"w":0.855475127696991},"size":2.0481269359588625,"orthographic":false}